x1,x2,x3,y
-0.9287679893850935,-0.578571413018121,0.8035667617604183,5.614757942277271
-0.36657469549905186,0.8780611585065996,-0.3951465998566699,1.816380187837725
0.926273334185076,-1.0,-0.17584324558287334,-6.711174771858908
-0.3626342012505339,0.4091105059040845,0.4148665270590641,-0.0875969313101368
1.0,1.0,-0.06026054160226346,14.282026974146602
1.0,0.24525443034899053,-0.6070472709556578,5.292321769500808
0.6500068579967799,0.899783613225648,-0.24245743348008375,5.89097282655108
-0.6119386720175062,-0.30813408256933017,1.0,1.3590146679484665
-0.1590868622354915,0.5982528307986112,-0.9843371052218655,-3.807933143876695
-0.8504170899718277,-0.7433573311048853,0.7359510570405634,4.949954463978699
-0.33972612392410495,0.40393877578535053,0.36392944515852843,-1.4001979392188337
0.11258951026330166,0.8761298632307413,-0.5030891776902404,4.501305323042129
-0.566477485913391,-1.0,-0.22407848429966992,3.303250016218281
-1.0,-0.49435486904092896,-0.25196205040089104,-0.8845849159019169
1.0,0.4005703072878368,-0.23424353679526866,5.348393133362526
-0.05649117642338841,-0.034378665412560405,-1.0,-3.2097186467285574
0.9892151224239139,-1.0,-0.020429028136824234,-8.228168679785405
1.0,-0.03104275511787513,0.6731157587422936,7.474354741876541
-0.8041491766697937,0.40665052932683343,-0.03070671505131939,-2.267359965664219
0.24375246865607747,-0.6657245545320667,1.0,-3.454777872944525
0.9635856502118392,0.3061260111381021,1.0,16.44127454927042
1.0,-0.02811979818087984,0.9733558974183023,11.204952269590372
0.9153648360508979,-0.18409988167752034,-0.14737305015438307,2.917367286891452
-0.034239722284800544,1.0,-0.3381446466163345,9.11380043348222
0.05970545086277568,0.7542943104522581,0.10589257316545808,0.7753444008581177
-0.04537075422094339,-0.8629744655118265,0.6918214452671338,-0.1289285716002042
1.0,0.3931208061188458,-0.9376265260914318,10.00493305143048
-1.0,-0.8298671325159204,1.0,16.909643957814666
-0.20613655924539986,-1.0,0.8019640693105488,-1.9882312415829235
-0.3520908936336953,-0.7634007444848183,-0.14574831970898394,1.8946098908581905
-0.24126145174095792,0.3705430798687894,-1.0,-3.134854564717111
-0.30688542051867285,0.09446258689229436,-1.0,-2.5615056638947418
0.27288928569583404,-0.4031454907897669,0.545539021102585,1.0584290684391673
1.0,-1.0,-1.0,-29.158518628182275
1.0,-0.698156713769083,1.0,1.9492508439830054
0.595860768967817,0.4015955917596137,-0.40499356556006405,1.9102058786893075
0.40107476109816376,-1.0,0.8266655872231334,-2.410571318752879
-0.09969882226323579,-0.2525061693267312,-1.0,-4.09069942996847
1.0,-0.06952459859168703,0.6023603643056461,6.41103465279256
0.05732434772834649,1.0,-0.5785503807743779,9.651579233567142
-0.8533948017389938,0.1218689603579668,0.9927461328649032,2.5813908304866207
0.7050624042088087,-0.8782843006031511,0.15118590953509226,0.3097210396559514
-0.568014197355996,-1.0,0.8334928769883403,0.5881143690040361
0.6793836361402459,1.0,0.048275318690589764,8.639987102856514
-0.8521217558623124,1.0,1.0,15.325453046342334
-0.6380499369337362,0.2906002391559759,-0.5081409035420712,-1.0531401196563
0.08280153277588176,-0.24438054556968214,0.7535908395926214,-0.0824895022723546
-0.6281089045347357,0.26650672380246543,1.0,2.5085165364054087
-1.0,-0.543792735211833,0.8189978931296105,5.247446632159626
-0.013204573056278646,0.307384540524289,-0.440933137785956,0.15633573658692096
-0.08503580201487959,-0.11302027049699781,0.7590386446992539,-0.4464796723817447
0.395042256623803,1.0,-0.8711607616442949,9.84463205518691
-0.6895556426752842,-0.08566747339805825,0.5179309951631255,-0.29731260473674104
0.6759419823307504,-1.0,-0.8204284638339907,-12.846036310721848
-0.15394982557795855,-0.20518232657661106,-1.0,-3.8401954703723225
-0.3851805669688373,-0.41888366633745333,0.0752660722145484,1.0390115892986747
-0.03339619930092752,1.0,0.44728111784268676,7.226104490252672
-1.0,0.03303710111636082,1.0,2.973988501469305
-0.10502884810035096,-0.33722830483408983,-1.0,-4.2716283849803105
-1.0,-0.5797140994297616,0.10247624652238385,-0.37645893041718603
0.017382432985130425,-0.018280108140016793,0.35108598471553565,0.7719532476879764
-0.2575839412436205,-1.0,0.18671970330412213,2.210050293456
1.0,-0.310278327266752,-0.9035355093712769,6.567849286663317
0.322052108989231,0.2664834470150086,1.0,0.9770519054407631
-0.5950189837437163,-0.0613145567450295,0.5458869668610955,-0.2948192579216728
-1.0,1.0,-0.3745288977717449,11.741630256858079
-0.47345106886125476,0.07147063524191677,-1.0,-1.1221423619114372
0.17088423996333857,-0.23474422907972725,-0.6969105617170792,0.45955197253462476
0.002253769841267239,0.9228987595345399,-1.0,-0.8455093805520748
-0.5078199096577156,-0.7564484987547402,-0.35706474252535414,1.413205863312868
1.0,-0.7528462655181929,0.2879994268246464,1.0872486101082455
-0.050510005395113966,1.0,-0.17368912652919333,8.021265063820906
-0.37385686976974797,0.8585530217782475,0.18723729454657057,1.1094992988438461
-1.0,-0.30607403041273984,-0.267485420882942,-2.24830336311971
0.10330704679788227,0.31580608434975943,-0.8227237067772335,-0.07278953084086914
-1.0,0.5500015255829203,0.017909233267632718,-2.430556975512611
0.0671678444688164,-0.37176589149229544,-0.4423245288413802,1.134466086539688
0.921561191538325,0.8853842110506738,0.506499469129039,8.924279898094099
-0.14806091783825281,0.7357924720066154,0.5772822344800017,1.669956202708518
1.0,-0.5591000709834204,-1.0,0.19041296190134754
0.4467124162294447,-0.8426328672221683,-0.034555138267333474,1.0076387635019222
-0.7281663499739099,0.333401655356492,0.7365057110384714,-1.8828495291749152
1.0,0.869043040138521,0.6392233000679506,14.032127262049007
0.781105265013343,0.49578728340932954,-0.3301845002243764,2.237575118568558
1.0,0.49690738985340377,0.3052866067243465,8.19288557839137
-0.03184493746511796,0.8140112031092719,-0.5707075481538253,2.1872739873518157
0.11247947129524305,-0.891508871325613,-0.5241887141090507,0.6498873289957766
0.9705711380121158,-0.317784809585701,0.20004552174124735,3.5373350944300914
0.31027281674854756,-1.0,-1.0,-20.506994629914136
1.0,-1.0,-1.0,-29.621672594905842
-0.04377307439551781,-0.3749669328083933,-0.09401197138947559,1.3249126444947579
0.9682205932066661,-0.21302546019514979,0.003302213030010437,4.3631848147314365
1.0,-0.9376754923789541,0.4611531510600575,-3.1569155481299362
-0.8837415652244989,0.9617965432357829,-0.08471049745688375,4.499811976698877
0.6340138455787707,-0.08261445804849865,-0.4328813047210185,1.9177796455712175
-0.6730901542326906,-0.31623507482390734,-0.7562703525769254,1.205327692714957
1.0,0.32765854628878643,0.032508830342701245,6.27862903044216
-1.0,-0.5563556199309032,0.6904359044711734,3.5004579012123997
-1.0,0.768398578228384,-0.25144188727563455,2.8277900679542287
1.0,1.0,-0.38434217151113104,18.54766765035811
-0.4135231703271409,1.0,1.0,16.129272295060428
-1.0,-1.0,0.1528225908300942,8.937590470671253
1.0,0.6160603050320628,0.441689412389455,9.787430791107115
0.8962177414406094,0.7015218533077576,-0.0903413594747231,3.795995927125786
1.0,0.20346905839145468,1.0,16.148501994816932
-1.0,0.13799449991389645,-0.030600299185872704,-4.722674849746725
0.5927264912278354,0.4661674415629806,0.7845924565447344,3.675359437121027
-0.3306734108457776,-1.0,1.0,-5.05687122733266
-1.0,-0.3888419243933747,-0.1336235677842157,-1.982830852836695
1.0,0.05973228113870732,1.0,13.398363707304364
-1.0,0.16536017303672534,-0.5305295791631552,-1.03266555784979
-0.31439557886237823,-0.9854011292016733,0.5856259568214384,0.4430390887007546
-0.525932109874518,0.5518205534355936,-0.3433228328456792,-1.0567475092553926
0.7683441511076843,-0.6007740713876688,-1.0,-6.564873675510231
-0.34292437100373596,-0.017474505264304607,0.14770993348116201,-0.22246825440378287
-0.5325746873460746,0.440763467003946,-0.6614513688633183,-1.9075337665788668
-1.0,0.4372766072096772,-0.37883059660588847,-0.7323725890215926
-0.06251947479205766,-0.1820416361711148,-0.7042805651511383,0.6236043230097825
1.0,-0.47939247531729245,-1.0,2.24922222369951
-0.21480402345936223,1.0,-0.3717393664701607,7.238218391273927
0.9905108598444707,-1.0,0.4353233605797562,-6.734627967676516
-0.28565988750520255,-1.0,1.0,-5.431154832058018
-0.19048341577351446,0.9691313387491143,1.0,12.922411279632755
-1.0,-0.5904245053345021,-0.7374138912218922,1.2356484249563167
0.03910460751679756,0.8869943014806698,-1.0,-1.2024515687268276
-0.9415007802510307,-0.31805250323738754,-0.5253516308599682,-0.840501495275436
-0.43927400184305365,-0.6694491455724061,-0.17794391428487955,1.179448590655955
-0.3244630646660829,0.8201288026767561,0.571147502940305,1.977363916502799
-1.0,0.422795402360884,0.9140861234458844,-0.013580651518298625
-0.4484218958969328,0.6718334358771392,-0.66438694951158,-1.420483795105461
0.6627176599236315,-0.2099819327488064,0.520467835878599,2.116767199625624
0.5173617928025314,0.33615832355564246,-0.27859021473153134,1.3294399403250021
-0.7312828478866924,0.35236668834967366,0.4481362789740704,-2.339011497362865
0.6854184949500841,1.0,-0.45621969239900184,11.060131394441097
0.4922863032857927,0.9260960800752398,-0.722322375027163,6.905769744562937
0.21498200806291057,-0.4598632381954513,0.600654743665104,0.3661749112650449
-0.47696042575796715,-0.8193286894325842,0.7873966416118547,1.9872751678367289
-0.02588969106452943,-0.03572484575144874,1.0,-0.17853764677065403
0.9818384629975978,1.0,0.17202784001819538,12.852501985638026
0.7912370148259509,-0.21979382190029173,0.22127831956142963,1.4797319105946112
0.7561677532710338,-0.1625435058405793,0.15270841270784663,1.7722528341728148
0.4821286105124347,0.013161046936642995,0.7550642465997832,0.3663058017138699
-0.55365033710569,-1.0,-0.3662776913523096,2.9736518273823607
-1.0,-1.0,0.4289677254231403,11.299396146715187
-0.6844712133325774,-0.3990269263179491,0.4023925012428424,0.41340379580400505
-0.23260002679882263,0.6844655479519148,1.0,6.523156751117159
1.0,-0.026022655081487045,1.0,11.309808985698618
0.4453857758662534,-1.0,0.5240978075717662,0.18806558929702744
0.2984565656082123,-1.0,-0.5762577499379056,-2.5136290797452006
-0.9669388816990392,-0.5263245851152563,0.7461080500761537,3.542750399820234
-0.4662745020288823,-1.0,-0.3263754000261214,3.2298291356500153
0.9630854598043197,0.1701699806909871,0.3160762932082155,5.412697865126879
0.3490345367641885,1.0,-0.6641189632955116,11.966565704432044
0.7825549280646296,0.11742306227456445,0.42937514463174664,2.751422114596074
-0.4489143137831577,0.7629253310125175,0.09846197682144342,-0.8699580912453964
-0.39283234699615943,0.05995923900301836,-1.0,-1.6588964723806412
0.3881932536334616,-0.19362429494520494,0.3045647887110101,1.0201410711827688
-0.0365185539203976,-0.16089927374298885,0.4453769934500096,0.46965694855344375
0.17125469360885326,-0.20546900032977544,-0.4879146828290035,0.9764108249685741
0.6237149235289814,-1.0,-0.27770629035970273,-2.1715483336734884
0.13003203241173877,-0.8066758433285848,-0.7062224296111634,-0.7485762488481362
0.593489856403701,-0.605554247746257,-0.04676756583635333,0.5527924271705825
-0.9665820255166093,1.0,0.48893246077075436,0.7760805787516868
-0.21781442014961794,-0.17641532013273165,-0.4843249586166529,0.909903869596058
0.16034415932734913,-1.0,-0.9269102597339771,-13.482456321594265
1.0,1.0,-0.9097711137439497,35.24518845997027
-0.17241691958787486,-0.8008612768711894,-1.0,-9.192817117797526
0.6125827504755557,-0.3782890522021385,0.11460376380652315,1.5694173150123336
-0.6494219805538037,-0.52987073051987,-0.37865101291219094,1.0018151478309263
0.32901884651179114,-0.6183472392598017,-1.0,-7.468786810757602
-0.19249432778428677,1.0,0.4678427597174246,7.238117157484322
0.871034910722635,-1.0,-1.0,-28.65632351187618
0.9763349965279062,1.0,0.9606695988934773,22.672605015819393
-0.08756606458137961,-0.1282122587780481,0.4655067016287686,0.12478251099243765
-0.86729659729112,0.34572788178632585,-0.20269203987817974,-2.6102428470087964
-1.0,0.5999938213044582,-0.061703594927642325,-1.7315234167098577
-1.0,1.0,0.6748905796044131,0.8912918407340531
-1.0,0.051209692334183154,0.8540281589729526,-0.06924087320461703
0.25175311635882514,0.1373126816144432,-0.06521723004251756,1.2991355313637247
0.9205677416028399,1.0,-0.6578082642677643,19.414929587322806
0.6111139238634224,0.7664998381752157,-0.42941055035273945,2.1384799980592035
1.0,0.4563973931281955,1.0,21.93546400755944
-0.3897848303199336,-0.4888255877665433,-0.3907146403440038,1.394470404834012
0.0901679149972121,0.7366170767028344,-1.0,-3.7496196419674246
0.42556132558319004,0.22448259287134276,0.35203391015206975,0.9447652335178105
-0.8425126491353019,0.26986980291447304,-1.0,6.406937564003546
0.8544887805790902,1.0,1.0,16.396514188909318
0.8894092349395315,-0.9221251304707803,-0.23764752162418512,-2.189307213518599
-1.0,-1.0,-0.304091444747149,6.007441120348145
-0.6493024410509325,-0.7429399887531458,-0.1709381029524033,2.579130813104995
1.0,-1.0,-0.6144540819249176,-12.835537511801967
-0.6272033116903806,-0.09197559788552345,0.185620068685469,-0.8791567267652678
0.6366152997576817,-1.0,1.0,-6.804316846954077
-0.45540288726663447,-0.09170872342526826,-0.13633588014027542,-0.6085219099922234
-0.321745064565538,1.0,0.08498391993161647,6.599608797576622
-0.24210572904026595,0.48897281633321255,-0.7960907952228753,-0.7280397331834434
0.7240154144671083,0.1790787412571999,-1.0,-0.5301839932285466
1.0,0.4367473883635695,-0.6025509380288301,5.329566300309219
0.4528505571375465,0.9376756758305316,-0.1522631785921884,6.254848704782107
-0.4547755658135877,0.7837085419351406,-0.6785975533984419,-0.7737236764216452
0.5969818025097222,-0.3385538657735436,0.20602656289486254,1.4289217238365104
0.7036089572126318,0.5279219766584233,0.6135325558085143,2.770979826952529
-0.9053147895858134,-0.7224376618630095,0.4542169987413063,4.1734103235478015
-0.2665559534006383,0.5397881752920914,0.441356201520398,-0.9252724837881009
-1.0,0.8430072561946347,0.5077808619512574,-1.9798225109386758
-0.4407621506523771,-0.12125477269302132,-0.7035253381465774,0.3364661304193065
0.38842656594326064,0.6776379806897621,0.37076311004007745,1.688058665460899
0.4890729832902905,-0.4934412618792179,0.31106908217588924,0.39863969992916415
0.2683191565612224,-1.0,-0.5908963780392928,-2.692549540382727
1.0,1.0,-0.15478419200671878,15.612889536374077
-0.09047468790721336,0.30206006523667694,-0.4999824690217227,-0.2743984859996652
-1.0,0.014914434907646434,-0.2169789415594705,-4.9438033834183175
1.0,0.14384615323584926,1.0,15.912202524416328
-1.0,-1.0,1.0,22.167279865635322
0.37037550428235555,1.0,-0.16722027838158393,9.061015634435979
-1.0,1.0,1.0,17.20614832062057
0.49867083741352203,-0.10071038565763901,0.22448702200415838,2.1127196800442336
-0.7873932905879797,-1.0,1.0,5.145871777469
-0.6642945178709005,-0.24054406853355337,-1.0,1.7221091868647145
0.47258419955058484,-0.16226034127721922,0.34443952700574076,1.3202808891569267
1.0,-0.43754758080816547,-0.07678706550579295,4.099582150181073
-0.6578499415301506,-0.815921200666915,1.0,3.1019149860055872
-1.0,-0.06163795585061238,0.4932095810733186,-4.201800218633789
0.4245060271716665,0.2810957898690043,0.781033111414134,0.950814703904674
-0.4076498270962272,0.42127636976374827,0.6984423848523453,-0.054098694197101116
-0.8783978509369099,-0.256159101468763,-0.06871581265659188,-0.8828674721951433
-0.7969098965247894,-0.22831077713723746,0.33372228383074676,-0.8026199612753785
-0.624860261698154,0.33413190253194514,0.29198454473402125,-2.3474415778668183
-1.0,0.7139025020180647,0.03140916109129255,-0.6372377363053294
0.19440365888835553,0.24439813302879765,-0.4725250334555209,0.7801783205407227
-1.0,-0.009543937658191393,1.0,3.4964641226682147
0.7831867053830577,0.053221431414231635,-0.6000108223476028,2.3704155512794975
-0.4961972989855927,0.6519921365955097,-0.301643809740749,-1.2862540984473287
0.3638679629672592,-0.03654367784999013,0.9216513986591202,-0.6169411851765133
-0.9158999232009171,-0.7589992584642185,-0.6725379736414114,2.3282639608423836
-0.7930882105572514,-0.24885518783933236,1.0,3.295663715717199
-0.5664069403230281,-0.20174038132464456,0.4621902111198335,0.05696982244398205
-0.6273841532201601,0.009511067104244653,-1.0,1.4772608876294124
0.3659595247273377,0.1811944484677872,0.197481946732889,0.8869933543915806
-1.0,-0.5329145166165052,-0.08421325236075172,-0.7500745110336662
-0.08005070126095482,-1.0,-0.24125878604252127,2.3130705874957296
-0.6287829712109603,0.5812364406539747,0.12594248714091427,-1.4224282748150618
0.0826195279501154,0.3464803726807755,-0.7544610388913349,-0.6516648675162392
0.10617082022138735,0.13916892712607565,0.957088084892987,0.3485693213248644
0.5653420535031675,0.9795058766571316,1.0,9.815337750970125
-0.4522874802441459,-1.0,-0.43977927713378495,2.339434348770819
1.0,-0.5368275493694794,-0.3934823758136785,4.24116687047512
-0.8492943779406419,-0.35975831801552527,-0.48917566160547454,0.1476568456496432
-0.5061479859528888,0.5548170690440657,-0.9060667421877879,-2.3529279385608253
-0.3110196950857207,0.0060508286630107655,-0.04854869222110603,0.1421620634201119
1.0,-0.18650280624307158,-0.13610430191140588,4.391518756682096
-0.5381867844983714,0.11201571363050133,0.4238317215831042,-0.9608513222610768
0.3794947373472899,-0.8845631876877433,0.4636500870988931,0.9314671747536419
0.9855406656437506,-0.07370340238795015,1.0,10.008781081179345
-0.7626216456687489,0.05472818390820122,0.8600492401743436,0.011358226427374551
-0.5977081014395584,1.0,-1.0,0.9636219317241037
0.8179442307109295,-0.8886966804633589,0.7873669042006417,-1.7167410074471225
-0.6741687319894696,-1.0,0.24393820329637217,5.0732178687569425
-0.7836883342231986,0.1814720197386166,1.0,1.8019059072358616
0.3512567362373986,0.20286488392184565,1.0,1.4676640587836132
0.38120540439650874,-1.0,1.0,-7.4246837277861175
-0.370966202354587,-1.0,-0.19409629499771675,3.072887198760566
-1.0,-0.5006775479796868,-0.051263359339638326,-1.3106688452984292
-1.0,1.0,0.04468340745779864,7.034464613172926
-0.24718405175489577,0.6122340684109042,0.3384047842911262,-0.13307527325142476
-0.8556806366377061,-0.7645165872126327,0.07496644550375797,3.6218898904384003
-0.28631879080532996,0.19257037339391836,0.9182666070646928,0.28874326188742677
-0.33488984752636797,-0.7613755907792867,-1.0,-7.4157464034774865
-1.0,-0.13693701067088182,-0.5271571920080644,-2.179501898170118
-0.8229578375876707,1.0,-0.14913732298342763,4.837161269076305
-0.20540476009589392,0.8180865190172313,1.0,8.575831191724022
-0.598395966389248,0.8368887785599479,0.36851619375990796,-0.4085045198522096
-0.929096352623153,1.0,-0.007629945365753343,5.156299927705286
0.15170882654977613,-0.9645856497725405,-0.5252870941006778,1.0455264052933153
0.2868196178446647,-1.0,0.10094258433732772,1.486098062483533
-0.32036442228838213,0.5580872719381724,0.8296133316487517,1.6647174455762417
-0.2876333689245101,-0.06632754615662173,0.09668086446442059,0.02906511474869744
1.0,0.11780494339810055,-0.22610784433810394,5.1098705151271115
0.545486252941161,1.0,-1.0,8.238342694114843
-0.16327712228395241,-0.11562069901562122,-0.5072589976039179,1.406479755770666
-0.8159677447158828,-0.45781115846207343,1.0,3.8809964808102166
0.38133206485213544,0.8127140655992726,-0.6514645296320956,3.0814530038237256
0.2224290347020037,-0.3696288534728054,0.03318366551331997,1.3614281172761755
0.7534048367122146,0.0797240321155217,1.0,3.6392414238939326
-0.1663718108347565,0.9924933393349618,-0.8890566115252279,5.154283610562023
0.2228562184327414,0.12139200635641889,1.0,0.2984938705849787
0.7608993564611406,-0.619109230665855,0.20524358756420713,0.6756056844555449
-0.878814432718273,0.14411169024799886,-0.0778210389115459,-3.213321994123025
-1.0,-0.38714163410720515,0.518129812930084,-0.3123621940766503
0.030138415912610128,-0.6426998819512257,-0.7019495737734804,-0.2785440569939441
1.0,0.8151903636109743,-1.0,19.3518882745782
0.6410923804063497,-0.9566104970219287,1.0,-5.80150150801037
-1.0,-1.0,-1.0,3.008470573136073
-0.13889274951594843,-0.29990050779443744,-1.0,-3.628093407292815
0.7696040367689942,-0.5406594228924699,0.4845283887655867,1.2238474448496737
-1.0,-1.0,-0.4629321232023256,5.268751295698061
0.9007290044980012,-1.0,-1.0,-28.72135968812251
-0.2833399248611528,-0.6933988628916989,-0.13585788199133986,1.6218321418305157
-0.12401247933592296,0.717115544210267,1.0,7.27288749303601
0.8853307482386779,0.4557585139709266,0.09065975507783275,3.6565311267741922
0.24129346376296334,0.15547439410739994,-1.0,-3.107290553888966
1.0,-0.6085659287856755,-0.9861520174493115,0.6452000360267948
-1.0,-0.5514407133616896,-1.0,5.045942705696011
0.14203088352685134,-0.14641953095735083,0.8477461815776177,-0.6390342468479586
0.3647596797621382,-0.8959862513247601,0.9590731109947879,-4.087880346516104
-0.49764442242805207,-0.5642405217431556,-1.0,-4.155736489884136
1.0,0.08028815098646658,0.43923878394799587,6.462078196430332
-0.36556410917728943,0.17383065696976918,0.4728145990800521,-1.1274142051985478
0.8626174597840548,-1.0,0.16555192575679678,-4.296362696429353
-0.5340539231262516,-0.5025255055944045,0.1904931285156639,0.8167116574430833
0.8443168714831824,-0.9917648046704459,-0.5281353844544958,-7.081715508556743
0.036233865683536814,0.18699812125777537,-1.0,-3.4577924972541467
-0.5703394231572596,-0.27323100678116585,-1.0,-0.6938280844256224
0.3499148449076841,-0.03354202697820807,-0.031186541870729778,0.9642481025110652
0.15552182770320422,0.3102097359100686,0.0893864683344423,0.5918135441130923
1.0,-1.0,0.8637943477405121,-6.668196013788802
-0.9857543096239061,0.6322506154301955,-0.5714762657568668,3.305937126439682
0.05379855795013877,0.06483355075381558,1.0,0.16697658461686293
0.933111774026993,-0.8685750531851768,-0.7766059247239077,-3.720918099531538
0.46277585616045047,-1.0,0.32609334434421333,0.5283639000832312
-0.43786776431684715,-0.008128815331945205,-0.7303058104940674,0.017069929601334063
0.9166605396360015,-0.10488712595927763,0.09100017772225377,3.487658372763306
-0.6523762688546346,0.7615661839139238,-0.16566336583237362,-0.5926890304273376
1.0,1.0,0.8426101772443733,19.874268088124424
-1.0,-1.0,-0.1122200537298359,6.488729214466737
-0.1119763128154696,0.3864633592047315,0.7360579607847091,0.27353388999633566
-0.3304384248740895,1.0,-0.5719711273537591,7.337353393133811
0.39982206218235894,0.12694182315060698,0.03296948337584471,1.4690449801077277
1.0,0.5639540789006758,1.0,24.251327484578145
-0.12574702837321317,-1.0,0.9989249220317236,-6.077261737768121
0.4837616116746115,0.866869037563476,1.0,8.023023128634248
-0.10169466764637392,-0.4502064740288645,1.0,-0.39227509817879047
-0.7810158544068244,0.07100608683417842,0.11313591074987484,-1.9616885446465269
-0.08479337054530478,0.5345779850125949,0.32378603511009696,0.2636185658898028
0.45998500135448217,-0.599664619000424,-0.09326134256275576,0.6854182713755503
0.4921436057868227,0.7917863026764851,0.8298941472283818,4.837448714070903
0.21042651971894832,1.0,0.8565999811772853,9.563016798404124
0.5889117795787104,0.10970210362003496,0.12510329063254333,1.2619846482893533
-0.45552103102082975,0.23340189720408477,-0.13713772029613702,-1.4486553994986455
0.4303301708577447,-0.26974088645728367,-0.1760511448301716,1.1291039722930563
-0.8878469253043053,0.8928924608723472,-1.0,7.099315164918476
0.8885732599660359,0.3918205052670096,-0.9284964900717885,4.614720437929695
0.6133284571196953,0.44575190824652244,0.48006753533914126,2.4470975285410295
0.38099618374598476,-0.05807093495808524,-1.0,-3.0819464959764016
-0.5388137365233063,1.0,0.268941144020755,5.694028316739316
0.48968551535971727,-0.8144138286221647,1.0,-4.737462949830046
-0.37497587154099987,0.2512843087875145,-0.04019822990552746,-0.029113750457602228
0.3686517696880913,-0.7056409046522529,1.0,-4.950010672829144
0.23438363230913484,-0.012863758766226141,0.439832600237428,0.601308315063457
1.0,0.11931006514701359,-0.34785689464691494,4.915207212394105
-0.053641733155244786,-1.0,-0.6588823537789803,-2.815692924030043
-0.9277940841352097,-1.0,-0.3502680082516034,5.845403041030735
1.0,-0.9304368609359646,-0.9969290726798992,-17.83395615291567
0.3583644153132719,-1.0,0.5591040304941979,-0.3019320903944558
-0.14733662266590253,1.0,1.0,13.994940126484192
-0.2202198255597949,-0.8957541844834023,-0.1194197227376037,2.666165076687501
1.0,-0.878298001303955,0.7907174865572373,-0.8984852708963597
-1.0,-0.8832894828267674,-0.2891008849547523,4.1078049409130655
1.0,-1.0,-0.20871879476385757,-8.553516761758296
0.9915621233556813,0.19675051453172787,-1.0,9.888551702684252
0.4641192942346002,1.0,-1.0,5.601035653657122
-1.0,0.20868957108322128,0.5474281391602733,-4.570243775491295
-0.4532443116085383,0.8263091790846078,-0.3496742389574614,0.5257034298902272
0.40824192985342056,0.25388738257170584,0.5065599075472267,1.3986724848235388
-1.0,-0.05328970300098379,-0.08262266685033381,-5.197569117972917
0.8660435018630066,0.19245199442706729,0.3032504036265451,4.010814636609119
-1.0,-0.24508328201275575,1.0,4.9048141522108875
0.9268391300631322,0.5661056594977136,0.6874936726485841,9.596749996014147
-0.6054867428952153,0.24155866773448098,-1.0,-0.12910031914226988
1.0,-0.15354969779175298,0.12994094361676178,4.04890890777116
1.0,0.10688600430742023,0.1065285701907226,4.857890082419458
-1.0,-0.4194671191503141,1.0,8.245685024997071
-1.0,0.628521169491363,-0.039596660370215364,-1.5910736551254598
-0.5965013136943524,-1.0,-0.19957302501141738,4.564458840963216
0.5937450302807286,0.08799058919076552,-0.4817252337766855,1.7604159262979855
0.735330372910787,-0.584257403397584,-0.7214655358383746,-0.17019437014916478
-0.15327561415326385,0.11971117047781332,0.12851310361851942,-0.22602714687148162
-0.07667561865164085,0.13375637980236021,-1.0,-2.893362282581235
1.0,0.5952043322677911,-0.6315033888797674,6.822856661786338
-0.8305388490923855,-0.6070288266370962,0.9884776547100971,5.421927180197369
-0.34028178271250575,-0.4389769881831127,-1.0,-3.7705737576754785
-0.8097944681756883,0.6926372381644132,-1.0,3.9835855336964925
-0.9739364152634808,-0.3702248317211472,0.050737379684287376,-0.932545149631314
1.0,-1.0,0.7131748338518957,-6.511285688673243
0.6856322699165551,-0.2686010892892221,0.281095913736257,2.1805272332777146
-1.0,-0.310615832314435,0.09909858273862882,-2.6854117991193434
1.0,0.42906635418599093,0.25133982903006413,6.779798634889169
-0.2194917871846931,0.2327923253705051,1.0,1.4133695094137422
-0.7878956885148356,1.0,-0.26969889565302085,4.812118566874173
1.0,1.0,1.0,25.363016317486338
0.44022807373497175,0.49561459240643835,-1.0,-2.1421103229142604
-1.0,0.8217121567678691,0.15387492898738464,-0.00789922956606176
-0.2925109631746654,-0.08366292929902297,-0.1745707536071135,0.6709745871726487
1.0,-1.0,-1.0,-29.856731526338585
0.12012744751757065,-0.7554070642804063,-0.3179164914445396,1.6276344405308345
-0.12714878155060227,-1.0,1.0,-5.72446028446302
-0.6248124758450357,1.0,0.032924076035624195,4.99567433169165
-0.3707503866715549,-0.3348638183142574,0.717949090099379,0.21187826542986457
0.05021632517759422,-0.015101093365497809,-0.5803939584418871,0.5531735358928906
0.18633686058959764,-0.7424818269165947,1.0,-2.819393703599329
0.7232364433740224,-0.4806365522751037,0.520375191823627,1.4414192233926135
0.09764911910992802,-0.47259323293105715,-0.4179004676917959,1.0224632634315016
-1.0,0.3928317326936943,-0.3365411887006362,-2.0349387430863537
0.00807305925933588,-1.0,-0.5832590968421631,-0.6861012352897851
0.33530537849171993,-0.23701143498594912,-0.04629702569160177,1.8022160809315795
-0.9990951634007055,-1.0,0.7680526031828872,17.340551964496303
0.38911107984044,0.17307412172700043,-0.5883579973260298,1.7791927324445784
0.9477786859574717,-0.08479342812557622,0.2690370491424794,4.641589357884751
-0.5756621426759647,0.4415497695593331,0.039152421958850825,-1.458903458873143
0.4737424375735102,-1.0,0.5977904749442569,-0.02056218249269859
0.5218862172148357,1.0,-0.06307059215847999,8.594145766008586
-0.7139454601330055,-0.2044810573381486,-0.03844974565389836,-0.3918733907626984
0.2618602716031335,-0.5676215530176993,1.0,-3.3031114550620115
0.7367075598389672,-0.67841093375571,1.0,-3.480324500719544
-0.18642378684824368,0.4544404829424413,-1.0,-3.9922535709456217
0.1629022213067639,-0.5996330137395909,-0.680056379544627,0.08167980495472722
1.0,0.1744853664047361,0.6048554940988706,8.32828727463649
0.5323434418270667,0.3351458762980646,-1.0,-1.657219975235448
0.5380178704897307,-0.3542573976330481,-1.0,-5.125015997535575
-0.5581243808191825,1.0,0.34388824227537174,4.702961215295179
0.7161880797029199,0.7416474633061536,-0.344957801719878,1.8025170090480311
0.5375118967073109,0.37948294066373855,0.27582396287233846,2.0762810491796166
0.41839971335188153,-0.6344265202964907,-0.056607771978880006,1.1675774375106935
-0.23847778292569033,-0.7684649771200531,0.46891126725475085,0.7416426347942231
-1.0,-0.060836811394926915,1.0,3.3602284775906677
1.0,-0.8850919970200459,-0.7346945466150441,-3.1445606276935667
0.3488460488068863,0.9996540138070542,-0.21852879886087018,9.552736695482162
0.6810353319752445,0.5688968949553943,-0.16986983468320482,2.223424200018412
1.0,-0.2576864059380033,-1.0,5.092522515507042
0.5199620333010857,1.0,-0.612622887418836,11.55308535362535
-0.3403538104245485,0.029882244867666996,-1.0,-1.9283334048684613
0.6903412592391425,1.0,0.7857910584491856,8.8511468031065
1.0,0.7052741434781662,-0.933948451548869,13.694599693705324
-0.4729579307452765,0.9396617748782072,-0.07489664111555716,3.3050437604500074
-0.6621384753698016,0.350022389563152,0.25073045729421906,-2.877230041125053
-0.7036263764519379,-0.9009676594610798,0.40576298002035616,4.287385131453439
-1.0,-0.2607794644376593,0.3700361299899084,-2.948845434358606
-1.0,-1.0,-0.1751866338194381,5.951678441056671
1.0,0.2751228889151909,0.40190901453184225,7.3698412381829215
0.13362702823950867,-1.0,1.0,-6.888495894510903
-0.43213877724509664,-1.0,0.014480291772650755,3.8732808018419984
0.9449401455573911,1.0,-0.12814192786943113,12.094143236723825
1.0,1.0,0.38150350022466495,12.649757381659414
0.08394811033496152,0.08135564587081379,-0.7174550414270662,0.21044262445454726
-1.0,1.0,0.5708351693135088,1.472731632063626
-1.0,-0.058221196348212434,0.602627728626109,-3.0041258351013864
1.0,-0.6310073615699874,-1.0,-1.6116395809736521
-0.1011472635601316,-0.44756458700075963,-1.0,-4.746833662038252
0.7788714168044539,-0.8903414532438112,-0.4767668856171927,-1.3221968563904674
-0.17656968206005552,-1.0,0.08808384409487147,2.7526156186374107
-0.0221458443006588,-0.43750596236805683,-0.3485828520243639,1.4025403219321693
-0.9493298941100836,-0.36854350298636107,1.0,4.990692427262944
0.5143548074157014,-0.38850391832464326,0.562058612812524,0.9457790509033233
-0.9164318475570326,-1.0,-0.17748972673356356,6.868945255761195
0.847650896739959,0.9487889970931427,0.18435732147556183,8.022484925096142
-1.0,0.662501797891851,1.0,8.151729691506008
1.0,-0.3570915043384235,0.9969045190030339,6.548088207404499
1.0,0.9729543376538807,1.0,26.380252099262208
0.030877035982667778,-0.611791048060524,0.23278165967783648,0.30496874483297653
0.3902529207202585,1.0,-0.9750090768058637,6.66365549174077
-0.7096901185839357,-0.2829868511082847,0.24724272347498855,-0.8385402057558318
1.0,-1.0,0.1273683657714717,-8.385865282551373
-0.6734506755956078,0.09987413368174125,-0.8368530256979698,1.6054139663451
0.0347492344933884,0.7347222223118726,-0.08965526323631146,0.8525628117251352
-0.28002322135049584,-0.8160947528409723,0.7012462878573256,0.9958554968703595
-0.5416306427305417,0.12039735881272184,1.0,2.119919895568557
0.27452752228417654,-0.08837792602746175,-0.25249423465856236,2.06497901339497
-0.7191501878386442,1.0,0.8920071187234422,9.51607331411867
0.1721739872397865,-0.39300204545744566,-0.29070333389313086,1.8862969540570478
-1.0,-0.09535845328849946,1.0,4.186533899574715
0.8936133003290232,-0.9199800835533567,0.6304668890836864,-1.6531170868554292
0.793917617450073,0.38349347281803303,-0.6547694603941339,1.7143967033728764
-0.4551625848542178,-1.0,-1.0,-12.567191284913532
-1.0,0.3365557660311074,0.31547201330415686,-5.178082591895484
0.3080068336083117,-0.6565411201950535,1.0,-3.1997936551742265
-0.42797854087844467,-0.49086012288347414,1.0,-0.27008990367049823
-1.0,-0.1962530363164321,0.2865783517503919,-3.1333144174516283
-0.9668331773501408,0.9603779594733679,-0.4871959096509617,7.669393268203297
0.031817440766802374,-0.24700768138945084,1.0,-1.2531312052964643
-1.0,-0.6636981298212783,1.0,12.229415550476329
-1.0,0.3464728096365941,1.0,3.8941160644389283
0.5607175094315828,-0.3216869378186771,1.0,-1.36226169200674
0.021223473434094142,-0.11692373046094384,-0.31838500515958823,1.0084899288072249
-1.0,-0.6550862023268198,0.22113081214825203,0.2672443972448464
-1.0,0.01909580109250464,-0.10186590396155348,-3.9327687248861602
0.7557977376793634,0.0854892283449733,0.03470330945341682,2.7015111493696486
-1.0,1.0,0.4397798277915894,1.4940530770624765
-0.974293297857912,-0.6477963444718207,-0.7083818451041581,2.1733032828015224
-0.5003309707020551,0.21585627836337906,0.042982889288361914,-1.4297167777577238
0.9112727973085992,0.7900389269335051,1.0,19.71809688755155
-1.0,-0.2666980683930882,0.5114838125183916,-1.6502448275508563
-0.9096705322329492,-0.32947869894920223,0.02805534820622202,-1.69827417176327
-1.0,-1.0,0.3355293119359892,10.0593424838489
-0.30300027506424354,0.24793103269085504,0.17732960416217525,-0.13857843618194143
-0.779211463357568,0.3563489964436597,0.4548938621333196,-2.4784458566487633
-1.0,-0.7868134669358635,0.17426920223730868,3.822248352666673
0.5188039579126822,-0.09966067179721683,0.7601529744763795,0.2051152032086086
0.4464317828870208,0.5845478677745422,-0.6423657905198568,1.1015764733180706
0.8102271266195329,0.9918425921876206,-0.7343041442151137,15.873632594422538
0.004609644185563422,-0.5121481429433008,0.862536793857615,-1.1985962247227828
-1.0,0.9342667087468646,-0.09135451362712477,6.287005935150012
-0.15139262590458036,0.8709149113601711,0.21083363780398012,2.49098991155376
-1.0,-0.29358353935634995,1.0,5.520013215198207
-0.3985966920465547,-1.0,-0.6620466877746884,-2.4909539266261476
0.42512712728935576,0.8012989425412547,0.10645549509590535,2.0833529536292366
-0.997187192097885,-0.5824456449580542,-0.9089123179419938,4.221159577221286
0.2365483610430157,0.4052931256557488,0.16519608996575808,0.9370888323487887
0.710489242908465,-1.0,-0.6025530192446074,-7.175822824526756
-1.0,0.8114873929838595,1.0,11.587927628823582
-1.0,-1.0,1.0,21.987655542668083
-0.6200021151619797,0.7255427435860335,0.11970716460813291,-1.0823251937877507
0.9096878310410894,0.895590989236166,0.5071578669539585,9.428538897102266
-0.6938839896084132,0.9208612847935056,-0.6370707861655112,0.6808327236426501
0.6093387070931497,0.5369136422688372,-0.6212976870707778,1.2025856836759572
1.0,-1.0,1.0,-9.313923177050917
-0.8605541127912273,-0.07705745065815561,-0.35855950438874973,-0.9857557093666738
-1.0,1.0,-0.8555831849384148,15.456141095138289
-1.0,-1.0,0.6002348487715048,14.296166567586472
-0.8857926036126633,0.3935514620436553,-0.24650542110386953,-2.445689709502727
0.5670530239044465,-0.03546662507885112,-0.6497902553656243,1.7126832595192165
1.0,0.03785211400563182,-0.5498287013623551,5.3957841637804655
-0.07633552440395586,-0.334204741824345,-0.2769749543572595,1.6268569543265055
-0.38133750215056383,1.0,0.04559586894837353,6.210050962003051
0.8224779839833587,-1.0,0.23864181702142528,-2.680341934535199
1.0,0.7550554393151256,0.3002067170670537,9.568240473932287
-0.13871894146881925,-0.0027288486973382486,-0.6405355973414883,0.3642210602811307
0.49608621082504545,-0.29346994526044456,-1.0,-4.757586666848637
-0.7139394302563082,-0.07201050216559013,-0.6620971928851196,0.28246603634281964
1.0,0.22074554315130523,-0.34761522660553257,5.0406537350246134
-1.0,0.11413753454855025,-1.0,12.875608419569378
0.2192130459039061,0.22882764074811202,0.3523593971799457,0.7214279543060086
-0.29769426182922065,-1.0,1.0,-4.898804886951015
-1.0,-0.825933130933642,-0.942983612415591,4.343554595175206
-0.5665209297565919,0.217006664623542,-1.0,-0.2020574652777018
-1.0,-0.3012170017508533,0.9602098224240783,3.938244788310685
-0.8087210152356097,-1.0,0.21505364992545117,6.7970576218741305
1.0,0.9474279754301622,1.0,25.723112365155345
0.2991956353905574,0.44145826390861687,-0.6333917092829562,1.5089291028894043
0.027468406485576136,-0.11698181648471517,-0.8398950911031191,-0.3327873306855369
0.07658834003083381,1.0,1.0,11.314921091987268
1.0,0.01636075211976462,-1.0,8.808000424604396
0.05618332911681123,0.30511955800369805,-0.4685159477459351,0.13284091688838384
-0.3017654821427982,0.5575182818685229,0.9405645813727024,2.7742822476057762
-0.09733457020239844,0.40193852167011945,-0.9027188544010478,-1.2182208390823983
0.31303701742951784,0.12241794150630514,-1.0,-2.2022156831498156
0.9474697069982752,1.0,1.0,22.15312513640927
1.0,0.3924840808298289,-1.0,11.755621628721624
-0.2830806107492072,-1.0,0.9156915793843612,-3.497677272263935
-0.3054909558513561,-0.09666199379777618,0.882422647268331,0.47431795743525695
0.948974283177751,0.6593585735162741,-0.32002516580930607,4.967079236609184
1.0,-0.769091104269795,0.5655884451687527,1.8778262419507596
-1.0,0.037182488996283514,-0.252074861939223,-4.395074721282612
1.0,0.4817336241533694,-0.3813791623414653,5.28204036544143
-0.3800517131141692,0.2734453086007882,0.05100387945435214,-0.44145640891307164
-1.0,-1.0,0.28497844908630143,9.553900162283893
-0.5930612419059451,1.0,0.686110672159677,6.228130755472609
0.5373045371954805,-0.027257817907076598,0.9434543321333781,0.03723812671190668
0.7254979436491147,1.0,-1.0,12.201481180294419
1.0,-0.7613392322334922,-0.3640651501040204,2.2871285456017594
1.0,1.0,0.6147810952570631,15.079158943808133
-0.16930918671966677,-0.32171401737992245,-0.1303891720015533,1.3377803637699217
0.8720499832638748,0.25515704117433735,-0.9879200959284065,3.8752951121891357
-1.0,0.3032465788341654,0.5335868477741317,-4.407588325521891
0.34775564533000947,-0.10077163322896765,-0.7260506819828532,0.853307814994763
0.9087361827011309,0.013112013501898945,-0.7377441785873968,4.816903153921124
0.5756702248262451,-0.20320959525262738,0.17245682132024598,1.365579696911441
0.8657067165989012,1.0,-0.08037215245449736,9.92371288209288
-0.11240449717395506,1.0,0.9333947026745331,12.013783145580264
-0.060428914249914145,-1.0,0.8755386106106016,-3.4958804769516494
-1.0,-0.12084068015843186,-0.4443719071116452,-2.996723074231177
-0.08678427147240986,0.6151554442738354,-1.0,-3.7337583666932233
0.8278405409346183,0.14063342182095084,-0.6977732190244881,1.9601561979213376
0.5221785212424355,-0.7874520229061024,1.0,-4.212597724662942
-0.7517161701025559,0.5910559881530617,-1.0,1.329673667352094
0.10069464144028939,-0.8432952678318004,-0.7568112060933123,-2.115290828944261
1.0,0.7975225452406907,-1.0,19.308561058877796
-1.0,0.4422706733404702,-0.3819418885395922,-0.9634397179243472
0.24584076005651156,0.019932114896580977,-0.1198379882158862,1.1399082745376892
-0.019571381529022602,1.0,0.2924771817600442,7.473609941000314
-0.30782133464934613,-0.13789826089176116,-0.20939059552284722,1.0597794527691513
0.7920589751566391,-0.7450429962613518,-0.6457846846324531,-1.5959826337549474
-0.8202171701596785,0.8269653388944604,-0.7135612648434648,1.0295001449351189
0.6929345945398111,0.25500445079199596,-0.41836792859884686,1.0529678981745498
-0.13460529196264237,-0.15682048667897086,-1.0,-2.9102013216206757
-0.36485472360739757,-0.22831844660755451,-0.11988039469529244,0.7084890383553792
-1.0,-0.7816728477867869,-1.0,5.0350526070252215
-0.37883259613480935,-0.11348667507567645,1.0,1.434555633652087
0.2527156666665846,-0.7476960700609845,1.0,-3.8926207178859458
-0.6288879856242198,-0.015961707997948604,-0.6394921167081977,0.09966455758745754
-0.9857741538049627,-0.5481305186740928,-0.4898288311758898,0.3219394458387262
0.2945716786853749,-1.0,-0.606905410025449,-3.472480115010563
1.0,-0.4168374516438076,1.0,5.389034220483207
-0.28768124963656927,-0.15496716401250699,0.802641317010766,-0.30188326756388173
1.0,1.0,-1.0,38.96835074578506
-1.0,-0.9327177182923443,-0.49416188936530303,4.853924469186691
0.45151001638167876,0.2586082131883414,-0.6839933129574758,0.44430093767164003
-0.43908247334808603,0.09442275968744251,0.45894604769695224,-0.6399434705915793
0.06359159133475156,0.5249009077191029,-1.0,-3.4458675490689226
-0.45244576888243815,0.043562894476056435,1.0,1.323317234656105
0.3416742610260879,0.29957187666414287,-1.0,-1.9285875979236233
-0.46985945078044056,-0.8152395422494749,1.0,-0.5550816208754786
-1.0,0.6576284085874335,0.5858660958734192,-3.7211437500578093
1.0,-0.8914696029799452,0.27750627026837504,-1.8670820521846827
-0.34025475597038213,0.9095451866179551,0.08174744083550989,2.072006443415147
0.056107005906076424,1.0,1.0,12.470806687874413
-0.15219134696544234,0.6936944631792679,1.0,6.490628737415677
0.6429882586802165,-1.0,0.6997152532603046,-2.045708177283521
0.9340410858068506,-1.0,-0.40178273728652836,-8.448514072490227
0.16698309708314185,1.0,-0.25212859744439986,8.846464335629422
-0.774394349226655,0.0727769310834987,-0.32134883193960406,-2.601607515986262
0.538533888935349,0.9103952879820452,-0.6624147896941759,6.219691927394078
-1.0,0.8976955700124389,0.32754800652446514,0.48250694330524696
-1.0,-1.0,1.0,21.665322874786277
-0.26561931274086525,-0.294894404528699,-0.7459575085547063,0.3151896112397461
0.863960871406855,0.8282844310646627,0.4813106800322471,6.628473671319816
0.047900667050331025,-0.8651010801980907,-0.4959596270471076,1.3087763542427167
1.0,-0.6163302708922733,1.0,3.5528329973273483
-0.15884514715816156,0.6838240903170403,-0.1304594410464437,0.2977605132414214
-0.7622898928010344,1.0,1.0,16.51615269893073
-0.06912999281866061,-0.5663815102379579,0.04457549009353179,1.7832448955281293
-0.011508276077187407,1.0,0.2579648350522128,7.356181283739652
0.9043339600939895,-0.5941358062387438,-0.5282650552631141,1.813421490262931
0.08086085045401825,0.18759612228020806,-0.6366897844189492,0.4241215913359111
-0.13570627403666902,-0.3683444374880276,-0.6696445113279674,0.11841594357238405
-0.5009602692667017,-1.0,0.0639479168238366,4.1213842065868915
0.17856069826952048,0.8212429710547464,0.5578070382092666,3.0666802792091103
0.6104487068451694,-0.19067472652515915,0.6174875359506466,1.3271292248072113
1.0,-0.14977288327079408,1.0,9.847991809541524
-1.0,0.09795649511666182,0.8418642807511838,-0.8778104202806266
0.7893881788952286,-0.5597073672653128,-1.0,-5.828684164666288
-0.2074951453670899,-0.48267543244547007,0.08174731501377042,1.608942746813208
1.0,-1.0,0.7527772474799206,-5.7993263703567886
-0.3787776856772782,0.8528993081121516,0.17665579033729606,1.3535112843279864
-1.0,0.17092029555925103,-0.3844265048028186,-2.219974445162523
1.0,-0.11331957098643519,0.17128620739199119,5.501499190570716
0.48898633919680146,-1.0,1.0,-6.378199232885741
-1.0,-0.49773137187958083,-0.35889657679732156,-1.2096722445210215
-0.7456629839241093,0.12296828553070305,-1.0,3.3044092429488225
-0.03556886540958737,0.3751817344129764,-0.05547197829569339,-0.1405474062163343
0.7469806977127598,-0.2177127024464558,-1.0,-1.947563161012916
1.0,0.07200517687407815,0.4960545842656894,6.380132012774448
-0.40776210074537955,0.05361642849403592,0.7663702978907287,-0.8871116527806943
-0.5610583004707117,0.4315038411949337,-0.35410116654077073,-1.6560711513219781
-0.5609929778047409,-0.0593750230423431,-0.7693099937002223,1.8532969251320193
-0.2633271778644417,-0.09429474465466536,0.5497593549393929,0.4980561038281899
-1.0,1.0,-1.0,19.959293613015713
0.9802408817327093,0.515772286402334,-0.09661872978713482,5.435237770067274
-0.23731121419442625,0.038081355742934475,0.014093909709363084,0.16382368343135706
-0.017194724089875768,0.04011507476771392,0.5148397221587702,0.028078638544290352
-0.28744496641759576,0.8208491266353868,0.4972715366720255,1.4716012693566802
0.19483972803295768,0.8226110553324162,-0.5178146339981478,3.0171887058664693
0.006008685191701391,-0.7280647240067992,0.0937340090381793,1.6612226787346984
0.3788840235624895,-1.0,-0.4099631420084895,-0.9766492570792731
-0.07595446366473313,0.4527843675926526,-1.0,-4.507198216543128
-0.38579906154549937,-0.60668411197988,-0.12429413428565161,1.684265469628956
-0.2575648483409161,0.8456093229680051,-0.6779767057635016,1.3583927284002986
-0.30418025700638807,0.15435077138542708,0.5669762962336171,-0.013519086384298495
0.3219020702352078,1.0,0.16235328507988878,7.671197319424496
-0.9318765569488983,-0.34984756715039644,-0.34419822518722154,-1.0355455624334104
-0.09745126221520173,1.0,0.2912616684178677,7.553467416844034
-0.281568596913643,-0.1345188894874152,-0.4574525459980099,0.92983298910627
-0.9374589527489214,1.0,-0.5846988992039133,7.919612065014622
-0.38358267560449266,0.4462593476147094,0.5399415143388022,-0.36479609876346225
-0.41955563477424107,0.23657505274426027,-0.013405939517446619,-0.7653306728194553
1.0,1.0,0.7755541115514588,17.760230104689867
0.5587818071391666,0.02492875039142617,-0.5828421043022183,0.6384936102603348
-0.4332502370662945,0.352057740780521,1.0,2.851467120165601
-0.2762803880968061,0.9511506959985532,0.597005571430351,6.487114775654866
0.9044984137062824,0.08031811232003139,-0.2253580099514354,2.925799246141537
0.6605378049018968,0.11608010864254359,-0.06417594174003294,1.8087400031013516
-1.0,-0.3178083797290472,0.38612629685342936,-2.6852955118172526
-1.0,0.8172117789619868,-1.0,20.091499618484654
-0.8100066927570675,-0.7983439485432897,1.0,6.673209975669671
0.4655120303559479,-1.0,-1.0,-21.253010652612346
-0.7053680758895535,-0.668914327774073,-0.6995886519127068,1.6348170221847804
0.2663395152072776,0.6576545207734255,0.4501972865248336,1.4142411384261082
0.046131041863706646,0.18271302142564583,-0.417463501351772,0.5301389876408646
0.3265634248863045,0.4311970186663441,0.4847654912816448,0.5636016655457511
-0.5776278122796279,-1.0,-0.6845787525119433,-1.2875611937660696
-0.08667237595411414,-0.014810866739019435,-0.45555333970383893,0.9332971574607416
-0.8364940747857277,-0.4081371747967053,-0.2008158287608348,-0.032223025359795154
1.0,0.3594560649617391,-0.14440530972432364,5.317597170324004
-1.0,-0.7191517594239403,0.9957821095112267,14.561766565740895
-0.4466090901879145,0.07611828599745718,0.2515126444097584,-0.8301759221219142
0.03274741264322634,1.0,-0.5082153414110442,9.564540839806362
0.45700226468527205,1.0,-0.2344721812074273,8.657220376751447
0.5936742217211368,-1.0,0.3728498321133762,-1.4184367463853738
0.13902160624610405,-0.36471560421739,0.12012059454489599,0.9081303160427187
-0.6458800973173797,0.3593271030353724,-0.8575296909108328,-1.2252238266169448
0.0930415783745937,0.25501058336656457,-0.18958515287914368,0.6360059244039886
0.3605214512664363,0.18027022829421036,-1.0,-2.5397774543257623
-0.2499981888095122,-0.7479785139281305,-0.8089358365604806,-2.339248189420923
-0.5588959161093026,-0.3387888704711941,0.6744041281330992,0.6031808638785
0.01608521903228377,-0.6298724646463731,0.5576576617481812,-0.4771483213410662
0.6779215586351381,-1.0,-0.3707214246223862,-2.6590560191092463
1.0,0.8373843642863985,1.0,26.410339290034727
-0.38504277654172503,-1.0,-1.0,-13.982722153930144
0.33753259094801247,0.7879740489184717,-0.24217352107401413,2.436327165812572
-0.03262971096088996,-0.06902513385897446,-0.36918522422189315,0.28221517823877906
1.0,-0.38253746179337655,-0.5660274398413145,5.153378733881821
-1.0,0.15402253736584082,-0.4135300750779556,-2.598785566837424
0.12470475226710742,-0.4010760663553481,0.17196578347847002,0.9577791648085423
0.8641397304394187,-0.7994580153792705,-0.946724804037421,-7.671157240939009
-0.005256730219886041,-0.14609270846228295,-0.8238291406339338,0.1660776543092648
0.08856399863134223,0.19754423158555934,-0.5389057836886866,1.006308477366662
-0.4709904825880633,1.0,-0.023126289203788897,5.815622953796637
0.8606552871061164,-0.351734353841211,-0.7317151197063541,2.6487484523325278
-0.38054333312174404,-1.0,-0.08921500867202758,2.873715884698215
-0.32635205862059946,0.6309219106324511,-1.0,-4.426410963517892
-0.7603405609819558,0.6931363444929912,0.821901352922833,0.5128030700929536
-0.023926652239598667,-1.0,0.3565671155054242,2.3960316660893204
0.2688526752601832,-0.6271230269580337,-0.8727876743687291,-2.9934727238860233
-1.0,1.0,-0.2165940534106865,9.987315676628473
1.0,0.2807226629620707,-0.4281206676648792,5.249526443455373
0.8969076045418989,-0.27770706266628564,-0.3367294193504531,2.634352483884904
-0.5223007282610173,-1.0,1.0,-2.418765477755519
0.9021463623579906,0.5751529479320798,0.30411704527096073,5.1295676627582685
0.1581772014038112,1.0,-0.9848724064530554,5.63327340276639
1.0,1.0,-0.509565495457321,20.817147502457654
-0.7871519740611113,-0.4215126225669208,-1.0,3.3594631862347257
-1.0,-0.7638077365139475,0.519910138440902,5.94846314399087
-0.6258677533855923,0.29268142051120893,1.0,2.1067417435706863
-0.6861523017511968,0.13911542140130861,-0.052176975977187956,-1.4944900353801187
0.7672386768337929,-1.0,0.2225941264416038,-2.695240585290249
-1.0,1.0,-1.0,22.464906093130995
-0.22224597657053158,-0.009243806785344422,0.7302249938829843,-0.5754146439392764
0.810031109040718,0.33191488492828003,-0.07127355074726327,2.3712448201211878
-0.03215270066338172,0.26536491078698665,-0.455180941634028,0.9060100724226419
-0.6754982876540192,0.2011344766330181,0.24244674241603725,-1.531827121130449
-1.0,0.8428540257293506,-0.08138238383074747,2.5057786009644567
-0.3438911023894038,0.8544823440619029,-0.9243022113041952,-1.7682650817074508
-0.3948383465692007,-0.06264281629477453,-0.054630396861936825,-0.22225420191498374
-0.8411224505613473,-1.0,-0.6294694918963863,3.0827789311495204
-0.04509715336717357,0.07978226856209036,-0.4131294601001936,0.9652114902712232
0.7494950395994908,-0.44390375717635755,0.31453427112291066,1.3539836201166335
0.0834287920165504,0.20110937924887096,0.265995957077215,0.6185287752619484
-0.27406177631325446,-0.00018076017846935244,-0.5158664924207221,0.5819684529514365
-0.03059374092298084,0.08016161155534562,0.6724578173144597,0.12702668016498586
-1.0,-0.056653123424857066,-0.46298401910460085,-2.9928752559729
-1.0,0.3854976258659659,-0.2935546431714733,-1.820139998813966
0.16448521520528603,-1.0,0.2475367014277594,1.6034575825659763
1.0,1.0,-0.03204664764311249,15.177068698139479
1.0,0.10655573166732402,0.6487552776056948,8.39914894019075
1.0,-0.2154773281895579,-1.0,5.743166679826201
0.9040609296033806,-1.0,0.14682971124386057,-5.716542084942149
1.0,1.0,0.5959560250546319,14.919966027201562
-1.0,-1.0,-0.5109381054585336,5.3377070181027095
-0.057988067121204745,-0.5829417795579821,0.5034901029361618,0.4285555171654508
-1.0,-0.42426663758600847,-0.193893415058221,-2.242010499723983
0.1287725887423783,0.24530999420316135,-0.144579258941544,0.5956433358759082
-0.4630981393988449,-1.0,-0.9653855490475041,-10.376721097155988
-0.5167589823698067,-0.9982409227170634,-0.464482976964093,2.0087043622736522
0.6347326442298942,0.8894867862973503,-0.8060313752032271,5.79128592206057
0.7348478347055831,0.44520327373030866,-0.7051396654289197,1.7854103655468228
0.10943844918105583,-0.30431750789154277,1.0,-1.3465182954990862
-1.0,-1.0,-0.15721503398650305,5.996133156082578
0.16099546985332136,-1.0,-1.0,-18.570315465430575
-0.14477443878793572,-0.44486281287062424,0.30625354819817585,0.6416390178445953
1.0,-0.09648132556984312,-0.571787948095424,5.452231169728522
0.13544770350655755,-1.0,-0.2409172529551593,1.651728659919787
-0.798928313149045,0.3950976929963457,1.0,3.297130128620432
1.0,0.2868141864894085,0.7205907236649822,10.96835018665529
-0.48316971435665357,1.0,-0.143299048725807,4.855281958517781
-0.5050525686065785,-1.0,1.0,-3.1571523073278227
0.986593902062814,0.44010666731540926,-0.4430788164410664,4.513217082305249
0.39011471871474734,-1.0,0.44415842871165534,-0.14790269784748647
-1.0,0.8834162223358497,-0.27964570198627303,5.901618669439613
-1.0,-1.0,-0.21671890405898964,5.901013299114352
1.0,1.0,-0.11944075817933708,14.542606859304547
1.0,0.2238917847125761,0.012365974806054059,6.224216502811039
-0.0023693352141562762,-0.3876322483374772,-0.7055369113071108,0.3788622171375019
1.0,0.9075740611943519,0.27908640446092114,11.731368467319133
0.25952199018982114,1.0,-0.9294892243726132,8.200180858939488
-1.0,0.10614250129228453,-1.0,11.898906885250382
0.11111281149685626,0.08359895624738267,0.6234447069018645,0.6491287415380729
-1.0,-1.0,0.09063184205465569,8.337188431466846
-0.7249339440099936,1.0,0.08369895746351741,3.179587905310809
1.0,-1.0,-1.0,-28.821429556802173
-0.252541261306918,-1.0,-0.4583047926175907,0.9022454084350428
-0.10653562502308311,-1.0,-0.7320499756254706,-4.825519396190564
-0.09450644810435849,-0.11036708960197128,-0.570224486014473,0.5982491062662778
1.0,1.0,-0.5557676770657516,22.29018666743508
0.4123970283829046,1.0,-0.22059962859737148,8.842695631473562
-0.27119386454555916,-0.3451589442024774,0.6915203577479767,0.04923017394116218
0.15527896119653462,-0.059941017390217066,0.09096081791873134,0.7167336286573618
-1.0,1.0,0.2034677615432705,5.029407121503614
0.4190681729401786,-0.8404657137723617,0.3810129193311984,1.8978192792879471
-0.12010463952116068,-0.04974449122346436,0.7205929055653115,-0.8427690916194854
1.0,-1.0,0.2399871780957854,-7.261100473754968
0.0581371178879313,-0.7380214050987424,-0.47587029769621214,1.535346645135563
0.05888762988200846,-0.9480589388110896,0.884189875796817,-2.907372400544575
0.3564691691689583,0.0676112630242709,1.0,0.24883375154716697
1.0,0.050567877943021866,0.7670412719962865,9.585019572298872
-0.40061980778428685,-0.5875894717551198,-1.0,-4.1624738841421935
-1.0,-0.20208881783168997,-0.9909003273995287,8.352389376331496
1.0,-1.0,0.14306150328478884,-8.135850279802945
0.5024446121911816,0.4683424015640445,-1.0,-2.5771172102574886
0.4067255979564055,-0.7969904639069476,-0.9863578973742613,-10.910684886145999
0.3450091699279223,1.0,0.06672812356534186,8.138094336608392
-0.8023919651983846,1.0,-1.0,4.263985925900601
-1.0,0.8396275440572869,0.7742688197804803,0.008613695356388534
-1.0,-0.6496853233647133,0.16717012462355463,1.2649252354706506
-1.0,-0.16952629041042688,-0.29890693851112937,-3.259714849929551
-0.3908683323133577,0.26254704978759613,0.5481381779822323,-0.9408667662875949
0.7204531369453957,0.4630445862829726,-0.5335807350748893,0.8586991361788061
-0.8514251455329134,0.7440861606855818,-1.0,5.72499316560651
-0.9692248606108231,-1.0,0.8744973885435419,16.830770548861864
1.0,0.009415288369103214,-0.6785685576457445,5.669794684339361
-0.6701995586369247,0.7099484491188965,0.4277916290771373,-1.854041054238193
0.25955219967002563,0.4191356307337921,0.22419101557072407,0.07281535809207407
0.028949391497765653,1.0,0.6525998760476583,9.024358596455839
0.5015584642250739,0.4905557354010781,-0.9459696335199144,-1.2805859055686748
-0.7741755148525931,-0.11502692396072223,-1.0,2.7528177512809444
0.5314836990914398,0.4369158369860364,0.5929285550677335,2.1730073767727545
-0.6644907674746516,1.0,-0.172582647257707,6.221021790594412
0.8966302908961465,-0.055778391206276146,-0.24350212827826967,2.685436694586031
-1.0,0.7638025891122462,0.18198828752347462,-1.100388228577934
1.0,-0.6519034340537433,1.0,2.557989598386919
-1.0,-0.06943122390260692,-0.0879792919104978,-4.083574677824597
0.2955747906582957,-0.9964447719397242,0.9864300696952981,-6.830320580866269
-0.23279950493802692,-1.0,-0.14422176828773425,3.8167978929905324
-0.08428133155087703,-0.17053810616407472,0.3251692426670867,0.7581380927106115
0.43432958135203004,0.3968641957571708,1.0,2.3223092397737144
-1.0,-0.22375050815052822,-1.0,8.268482957009619
-0.1793857623927928,-0.07293306081176354,0.07839658316960496,1.002921178721048
-0.4574795386586148,0.10366407346432971,1.0,1.3645636856191554
0.3992088395734381,-0.06179321824087758,-0.7510894267666752,0.9665306774268669
-0.5582433944190335,-0.5621879035381461,-0.15144914826694467,1.167311436104769
-0.241887854914125,-0.7675294149479892,-0.3786816808241442,1.2879706640674033
-0.6966501075363558,1.0,-0.9561029851027731,1.623736926799658
1.0,0.8156661183210245,-1.0,20.62326855540511
0.07077245010552469,1.0,0.48226067491283975,8.380304596139565
-0.3297893389385089,1.0,0.045124205633572334,7.190347938836605
-0.01647588216039053,-0.7475261123551395,-1.0,-9.36520743437192
-0.6443668302045091,-0.9489291261154924,0.2618788851541689,4.880549428652701
1.0,0.2886108442561566,-0.8996308197656948,8.896977546559512
0.8600993323095811,-0.8008557739520401,-0.5009627622476369,-0.4255074391162543
0.7174791193385781,0.9756776565485372,-0.933217162444461,11.663642876858356
0.07562531911978998,-0.0415713497187884,-0.5150014086729202,0.8704941690039942
0.1887639162832715,0.7200217756729776,-1.0,-2.300833410176402
-0.07245461777336826,-0.4398846374071552,0.04706284059645016,1.5688302255070055
-0.16410428017536627,-0.4849238883087026,0.2507773204508561,0.7282634814217279
1.0,0.10640481884177722,0.5070369977483693,6.450982655847082
-1.0,-1.0,0.38650994821094886,10.701518972538306
-0.06739150588646448,-1.0,0.3038475695504723,2.4804962140305404
-0.34785157365566066,-0.1445660445087651,1.0,1.6732346001546115
0.3081381022339411,-0.22697976963186273,0.2557683568611204,0.5423541065824172
0.5976935176196003,0.12114758722610741,0.22831348883947067,1.617014588871391
-1.0,0.4758122329688128,-0.008524893044895565,-4.017074190950954
1.0,0.4878440676551896,1.0,22.54977397359046
0.07258745739992456,-0.8677831523235096,-0.31378986643730933,1.2016979772342768
0.29314809648068496,1.0,0.8391487881996966,9.36684744248976
-1.0,0.47299671811664545,0.9400902753785136,1.1114505500338885
0.5060459186357884,-0.12122506261962784,0.360609922675325,2.0380979707492157
0.18639438749670068,0.9770152706767756,1.0,10.546108905872405
0.4830613235834602,-1.0,0.46628671102300734,-0.5832338634350813
-1.0,1.0,-0.25022399136928963,10.59305441629135
-0.16673512788752487,-1.0,0.024087986325213473,3.065624664275444
-0.042735228289470406,-1.0,-0.4684907268773646,0.2615492851507462
1.0,-0.995360274881701,-1.0,-28.538761818633006
-1.0,0.31847719463699464,-0.5704858172216969,0.03499471225195169
0.9088481613585055,-1.0,0.43243167625685097,-5.341009694898862
-1.0,1.0,1.0,17.88782990479584
0.26286767586540516,-0.6466994465573079,-0.754823953944554,-0.6811778106565508
-0.12200233075951106,0.6123501132406628,-0.0609481628197317,-0.507191917272197
0.48408902392123343,-0.6552384874870785,0.8984109433424299,-2.21247489739583
1.0,0.7324423453324698,0.10676186077542527,8.397078351988112
-1.0,1.0,0.8639665813575128,5.578120721566095
-0.11535374035801138,-0.44566597312655576,-0.44348756942039635,1.8020000590051657
-0.4051820107601096,-0.0480866861814615,0.685205607683764,-0.07625486849047698
0.38690836796288797,1.0,1.0,10.35438646411372
0.4487826843723137,-0.03298072812440456,-0.5316760674265453,1.2644093119450497
-0.8488712949907178,-0.6417375753897552,0.2088555218045378,1.7818741550097488
-0.963602666128057,-1.0,0.0014350549115005329,8.816484560778257
0.08715641226537296,-0.9765551060044158,0.25814259450968513,1.7901963892676518
1.0,0.6638741877670156,-0.178303146646277,6.40847247871836
1.0,-0.05960297365299949,-0.04229595059779934,4.042648520518095
0.5866796390866154,-0.9222737502540661,-0.5814450752978737,-1.73420740957684
0.3504650487390071,-0.2688313992730742,0.02004461474157737,1.066904219442446
-1.0,0.7128696421753487,-1.0,19.72086981502467
0.32518605606388684,-0.40437845974400166,-1.0,-5.368314576697501
0.10924181768427887,1.0,-0.30015357681642785,9.156436669527707
-1.0,0.16739243113994218,1.0,3.731924742808285
0.39396404427622533,0.789164383127948,-0.38717356245363144,2.1902355524268393
0.04606247465944491,-0.7343192319814396,1.0,-2.6698354533711477
-1.0,1.0,-1.0,21.08563340407835
-0.3660807647131794,1.0,-1.0,1.4982222333447115
-0.5881532688109685,-0.09940347286457252,-0.13734474799243213,0.21476872996352175
-0.19833842145609681,-1.0,0.8240742667515515,-1.0848533704745995
-0.8449543304990206,0.3151286867148311,-0.9559338840186409,4.47563350719053
-0.5218157640540608,1.0,0.8064959695507576,8.825300496653762
-0.11252516315741867,-0.5371943832414698,-1.0,-4.900662415933412
-0.4685545675698872,0.458568917358551,1.0,3.0947963032927785
1.0,-0.06983092979144079,1.0,12.031961435159499
1.0,0.03346196544301394,0.3494537083152578,5.770659048420269
-0.4050135910173933,-0.6476529614101425,-1.0,-5.440210655175693
1.0,0.1600672799917462,0.4746339935494124,6.8437627743646
0.0958897633574427,0.4184056882602485,-0.9779783608068557,-3.387395565853692
-1.0,-1.0,0.3756377181661681,10.770161652570977
0.5910718519115228,0.7805722434090943,-1.0,-0.6078334290950479
1.0,0.1413546632339051,0.19045557915296207,5.964858689383393
0.47759908687388286,-1.0,0.14708986462869844,-0.33707630880955564
0.44366088412441873,-1.0,-1.0,-21.367427053392277
0.648000682844561,-1.0,-1.0,-24.23962576133407
-1.0,0.34744193121068867,1.0,3.2124844808330084
-0.12245331111200097,1.0,0.7765153513488594,10.468863872082853
-0.42696864422553404,-0.8334462530434541,1.0,-0.909312471961538
0.28893592619818964,0.14657638649924043,1.0,0.8722800054329927
-0.4678498702502687,-0.7388008615063686,-0.06375356142275379,2.0363190781019287
-0.1516451482033363,-1.0,-0.24698792225169397,2.8345068444752264
0.4551234121697898,0.349600513782069,1.0,1.6084090256946157
1.0,0.8360340465099232,-0.6745722517894825,12.484548193084319
1.0,1.0,-1.0,38.94977989290475
-1.0,0.019899993775920555,-0.549451390836083,-2.36264508584424
0.11992402320090001,0.2517843684182832,-0.24089777348911,0.5923842053498355
-0.26305202846675657,-1.0,0.4832150231229615,1.166968200513175
1.0,-0.38993845800439675,-1.0,2.970873759847224
-1.0,-0.06810784448460194,-1.0,9.382991835208857
0.03064283906635401,1.0,0.7931574331941571,9.827108354377376
-0.5124871355388965,0.8057943811326036,-0.9468237122279153,-3.0999364165032883
-1.0,-0.16708879567438806,0.26491388903082047,-3.6495071141030624
1.0,1.0,1.0,25.13767470442776
-1.0,-1.0,-0.30276831593885944,5.724633369267288
0.13700559270655255,0.7662032378641894,-0.8335280705893962,1.307388787478494
-1.0,0.4289840843817394,0.9428407067635949,1.9066165881722401
-1.0,1.0,1.0,17.702438723763493
1.0,1.0,1.0,25.771148392067285
1.0,0.19919569324894426,-0.7648541550752368,7.154782792627131
-0.06907710719617666,0.18495507831672398,0.7867869062306145,-0.6974096602158056
1.0,-0.690359702533758,0.6445348449767365,3.56810478225328
0.6485269253650829,1.0,-0.11843754018598207,8.840990463586534
-0.6295874518501745,-0.12850588633117943,1.0,2.3551148560050357
-0.18990947557758164,-0.03280739912235986,-0.24139489388545599,1.1161575917597153
0.9156630715646348,1.0,0.7686880878977458,14.495938049908231
0.23177211427135802,-0.6047726442103487,1.0,-3.259923032312439
0.28349637195601685,-1.0,-0.11468375888694982,1.0347814762152967
0.9274885803766573,-0.5316955829630254,-0.7125149207010164,2.5041652487909447
-0.02230841116619353,0.6482458392139918,-0.11286442505720018,0.9270354213869911
1.0,-1.0,0.8228374249530896,-6.392190306288358
1.0,-0.28926770652479394,1.0,6.737775329122155
-0.10095749652125541,-1.0,0.40814302200105557,1.514763462631056
0.3954315577831191,0.6762642305624909,-0.4611832668565363,1.5254072172561546
1.0,-0.9737494372016029,1.0,-8.327635521486844
-0.04224192065335308,1.0,-0.20947830218978258,8.31606752531355
-0.5776007198813689,0.7977543450916404,0.05197508479376167,-0.960809259819844
0.41561779780610064,-0.4282808141491179,0.8925225053504273,-1.2832505970546761
-0.9335192448676326,0.947948993136561,0.10255218120103726,2.4328659085609816
-0.7735499885592454,1.0,0.9463406856798744,12.299221892676783
-0.4472463208761648,-0.1839074672410732,0.49438112876769646,-0.5388002295470142
-0.5837843823454647,-0.28998999572032513,0.5036705495108316,0.12051377182149874
0.360440250829029,0.35629720867030645,-0.8510840759684264,-0.22894485210686774
-0.44710259691583576,-0.1526964080153257,-0.12336459712327885,-0.2481522045770895
-0.8502498708358375,-0.4752267971026385,-0.4326766138981313,1.9446642409361459
1.0,0.5606512385660223,0.08678269960885387,7.400550564020924
-1.0,0.31283108859933684,1.0,3.607687299024682
0.9401461011247745,0.21478701213678963,-1.0,6.208588283727462
-0.1403404984495109,1.0,1.0,13.696943920179255
-1.0,1.0,0.019537089727875934,7.806791392754259
0.4222838228756567,-1.0,-1.0,-21.1733939083677
-0.7639553454384898,0.08010604334938187,-0.005594313837312237,-2.123966444316078
1.0,-0.5103790888846389,0.47541277202268817,4.493661842977075
-0.6953287295339776,0.6168126603326352,1.0,5.701842326102085
0.06191213850296995,1.0,0.9088377632439271,10.596878166182403
0.8812785239642709,-0.20393475538282035,0.27036718159675166,3.3288083480397805
-1.0,1.0,-0.4499760811412481,11.53542826782604
-0.4177946082309858,1.0,-1.0,0.9037908069517402
0.9436525477196291,1.0,-0.6692965333175178,20.96267130793611
0.6707603868904333,1.0,0.34673434357601884,7.655278760596285
0.0390224270954429,-0.2928800728834282,0.37924321144182116,0.08547114444313397
-0.5952904102231964,-0.3361174935856097,-1.0,0.16664488904323393
-0.7652333474221324,0.7260290972172778,-0.054925155102323986,-2.056627598794348
-1.0,0.6834014693978634,-1.0,19.438829752725677
-0.6833019892952541,-1.0,-0.349180530021693,4.5585128409295175
-0.44296837922902377,-1.0,0.8037942360782562,0.15391648227829785
0.7709149010759313,0.00810040796337197,1.0,3.621517157664262
-0.5094262724380672,-0.1299100502017012,0.2551986979173375,-0.37583942098230005
-0.7505478555599729,-0.4978382683950877,-0.8320042408843182,1.3067273309022256
-0.3881586622330431,0.47114951847204645,0.9817818307448027,3.685174088267946
1.0,0.12467885757196906,-0.8496229001671827,8.447101850020225
0.060355634281620274,0.35221095822495707,0.18685779568611638,-0.26368737257187497
-0.4052416868279416,0.1061440401277296,-1.0,-2.069964385135816
1.0,0.06359387138728079,-0.44389040520037093,4.438597993353249
0.3865070627063105,-0.2013972192253839,-0.4739510384080834,1.3485291820259047
0.5977870803158261,0.275198210566836,0.35137391560892595,1.9372070726571766
-0.5817313660705485,-0.2129989216449253,0.34561073372220363,-0.13700376418607718
-0.3331124349636503,0.5849880460709316,-1.0,-3.854392856940639
0.23150949143941024,0.8834889895523557,0.24517595025639172,3.8830697961975242
-0.7178294054128809,1.0,0.648768548051017,4.669511660302127
-0.22530981721873733,0.9612321095282559,0.3934613074662032,5.1180448634127655
-0.924407291529554,1.0,0.6935854303839899,1.3634825805131836
1.0,-0.2904477132278074,-1.0,4.813000573077367
-1.0,1.0,-1.0,21.951863778373912
-1.0,-0.9217174884688031,-0.08804710504111934,5.671063753565856
-0.11664003441383897,-0.9176660290171779,0.8043596991448214,0.10637689690458618
-0.06997956748696388,0.3196305142442035,-0.2979594912212926,0.35656536333460864
1.0,-0.8406752285509858,0.8528030626453804,-0.6646926505684293
-0.491304828637662,-0.281503398487144,1.0,0.9106406825219588
-1.0,-0.00738518241485564,0.24019999864988062,-3.650146460718156
-0.08166995163828639,1.0,1.0,13.931568920383304
1.0,-0.3469804351485455,-0.7117669203347434,6.182180063347173
