Degree,Alpha,MSE
5,10.0,0.5562983067657441
5,30.0,0.5649097809294551
5,3.0,0.6255809851861037
5,100.0,0.6467402090694304
6,30.0,0.6667107056592677
6,100.0,0.689165183802422
7,100.0,0.7116461726892803
4,10.0,0.7364739951156942
4,3.0,0.7517684874829534
6,10.0,0.7602047988132606
7,30.0,0.7606639849258756
4,30.0,0.7644897792175325
4,1.0,0.7724949117134452
4,0.1,0.7896372330879179
4,0.01,0.7918121816926615
4,0.001,0.7920354292138642
7,300.0,0.7966564287589755
5,1.0,0.8065398955330206
8,100.0,0.8309068081978468
6,300.0,0.8361787351139462
5,300.0,0.8583585325371452
8,300.0,0.8629754600590565
4,100.0,0.899100651375749
9,300.0,0.9422294420092591
7,10.0,0.9501610236750256
3,3.0,0.9586651729853799
3,10.0,0.9590764262255412
8,30.0,0.9590877586531288
3,1.0,0.9606833658582217
3,0.1,0.9621068650059182
3,0.01,0.9622705765901542
3,0.001,0.9622871768573447
9,100.0,0.9800187380960865
3,30.0,0.986920279408771
6,3.0,1.0222774330557969
10,300.0,1.0534374339750319
10,100.0,1.1680853873431154
3,100.0,1.1806475950138529
8,10.0,1.197096571237114
9,30.0,1.2088194757861515
4,300.0,1.2161142385570423
7,3.0,1.3575299746392993
10,30.0,1.4469245593276425
5,0.1,1.4858840891803142
6,1.0,1.4936052134546247
9,10.0,1.5519186657110864
8,3.0,1.563466475737722
10,10.0,1.7766748200234452
3,300.0,1.835179908287715
5,0.01,1.8512033435003765
5,0.001,1.907386175271559
7,1.0,1.9788024850636265
8,1.0,2.0074341902409394
9,3.0,2.0414652527172956
10,3.0,2.223676080821427
9,1.0,2.5966281075400417
10,1.0,2.7139298505877556
2,10.0,3.0562726055392355
2,3.0,3.057836594720701
2,1.0,3.058724098377543
2,0.1,3.0591911116050867
2,0.01,3.059240162482906
2,0.001,3.0592450912039326
2,30.0,3.0630608659983034
2,100.0,3.167806588291522
8,0.1,3.22858619025669
2,300.0,3.6698789469420263
9,0.1,3.771660612932357
10,0.1,3.7813777980323593
8,0.01,4.024400214658476
10,0.01,4.19239793206071
8,0.001,4.2154031640531135
7,0.1,4.238815956808029
10,0.001,4.248696666089009
9,0.01,4.250921857926486
9,0.001,4.3220799208368295
6,0.1,4.867857824921312
7,0.01,6.533100840305636
7,0.001,7.801884211972647
1,100.0,8.875157643877538
1,30.0,8.878962213367306
1,10.0,8.88470256024021
1,3.0,8.8873654895275
1,1.0,8.888194663046022
1,0.1,8.888578026401234
1,0.01,8.88861671561086
1,0.001,8.888620588072236
1,300.0,8.929537863341604
6,0.01,20.18955884773232
6,0.001,52.12175073475421
