Degree,Features,MSE
8,"('x1', 'x2', 'x3')",0.2465197949282809
9,"('x1', 'x2', 'x3')",0.2779415818975123
7,"('x1', 'x2', 'x3')",0.35283070391968097
10,"('x1', 'x2', 'x3')",0.43139617239587363
11,"('x1', 'x2', 'x3')",0.6000797156781639
6,"('x1', 'x2', 'x3')",0.6223231857611352
5,"('x1', 'x2', 'x3')",1.597689941287447
12,"('x1', 'x2', 'x3')",1.9938091247372118
4,"('x1', 'x2', 'x3')",3.824662379878739
3,"('x1', 'x2', 'x3')",12.080052396324954
6,"('x1', 'x2')",18.002961451988085
5,"('x1', 'x2')",18.069607510741427
7,"('x1', 'x2')",18.144505952612693
8,"('x1', 'x2')",18.32042733332513
4,"('x1', 'x2')",18.541797928837763
9,"('x1', 'x2')",18.64630921923321
10,"('x1', 'x2')",18.93517629580565
11,"('x1', 'x2')",19.412934939593676
12,"('x1', 'x2')",19.64424358476429
13,"('x1', 'x2')",19.905437190424816
3,"('x1', 'x2')",19.976291837299595
14,"('x1', 'x2')",20.33105482605109
16,"('x1', 'x2')",20.609044506370385
15,"('x1', 'x2')",20.644593981599513
17,"('x1', 'x2')",21.14006132012081
18,"('x1', 'x2')",21.799921326405446
19,"('x1', 'x2')",22.316639807272832
2,"('x1', 'x2', 'x3')",22.318935650033374
20,"('x1', 'x2')",23.671274855307974
5,"('x2', 'x3')",24.241327656287023
6,"('x2', 'x3')",24.376060549844492
2,"('x1', 'x2')",24.766596087705736
7,"('x2', 'x3')",24.78118236016617
4,"('x2', 'x3')",25.271983709980915
8,"('x2', 'x3')",25.37367688812632
9,"('x2', 'x3')",26.117313067831855
10,"('x2', 'x3')",26.323089252398983
11,"('x2', 'x3')",26.558814742421173
3,"('x2', 'x3')",26.643641411633844
12,"('x2', 'x3')",27.021783994171365
13,"('x2', 'x3')",28.868817517310514
14,"('x2', 'x3')",30.529616302980354
13,"('x1', 'x2', 'x3')",31.673540019780205
15,"('x2', 'x3')",32.513464502205125
16,"('x2', 'x3')",34.808894863516386
2,"('x2', 'x3')",35.21993958079267
5,"('x2',)",35.47658297038781
6,"('x2',)",35.522759163837044
7,"('x2',)",35.5925620542513
8,"('x2',)",35.6180430525975
4,"('x2',)",35.636674893820796
9,"('x2',)",35.68680930721031
10,"('x2',)",35.74383789064693
3,"('x2',)",35.79600795101332
11,"('x2',)",35.79845618565351
12,"('x2',)",35.84463662651861
13,"('x2',)",35.865686755230975
15,"('x2',)",35.86717624244379
17,"('x2', 'x3')",35.87871679254958
14,"('x2',)",35.9016112889054
17,"('x2',)",35.942365232971454
16,"('x2',)",35.96577337121373
19,"('x2',)",35.97412139236483
18,"('x2',)",35.97738145759925
20,"('x2',)",36.00864113651321
1,"('x2', 'x3')",37.10812467254026
1,"('x1', 'x2', 'x3')",37.16186826857347
2,"('x2',)",37.58924586577608
7,"('x1', 'x3')",38.550546384209994
4,"('x1', 'x3')",38.60196004336832
5,"('x1', 'x3')",38.72723497738037
6,"('x1', 'x3')",38.73884132162475
8,"('x1', 'x3')",38.802441093679896
1,"('x2',)",39.115142123834374
1,"('x1', 'x2')",39.217114463253964
9,"('x1', 'x3')",39.74028595310576
10,"('x1', 'x3')",40.676397821767054
18,"('x2', 'x3')",40.83091221079787
11,"('x1', 'x3')",40.99701094851222
12,"('x1', 'x3')",41.80162728556592
13,"('x1', 'x3')",42.46703036634018
3,"('x1', 'x3')",42.83201451546963
14,"('x1', 'x3')",43.45306061441922
2,"('x1', 'x3')",44.23567203843899
15,"('x1', 'x3')",44.500126309428495
16,"('x1', 'x3')",44.567957418995704
5,"('x1',)",45.527300617089665
6,"('x1',)",45.55575418705375
7,"('x1',)",45.595696966654636
4,"('x1',)",45.60624323237164
8,"('x1',)",45.75878518414346
10,"('x1',)",45.78822066914897
11,"('x1',)",45.792594390202396
9,"('x1',)",45.80909744142592
12,"('x1',)",45.89060600658064
13,"('x1',)",45.94964279460482
14,"('x1',)",45.96593780169294
15,"('x1',)",46.0187320936192
19,"('x1',)",46.09403584508864
20,"('x1',)",46.10365754854879
16,"('x1',)",46.109058308700654
17,"('x1',)",46.11116119880813
18,"('x1',)",46.1259389599241
3,"('x1',)",46.16940176336038
2,"('x1',)",46.17108383748358
17,"('x1', 'x3')",46.28798630577171
18,"('x1', 'x3')",46.754757569436855
19,"('x1', 'x3')",47.41395361538876
7,"('x3',)",47.59900582598358
8,"('x3',)",47.66503273666404
3,"('x3',)",47.67316448038972
9,"('x3',)",47.676393631687986
10,"('x3',)",47.690768425535595
5,"('x3',)",47.69503450502094
11,"('x3',)",47.72230917393621
13,"('x3',)",47.72667831048422
14,"('x3',)",47.75103895319081
4,"('x3',)",47.75698631971434
6,"('x3',)",47.77036688669196
12,"('x3',)",47.80100979006069
15,"('x3',)",47.81614389512312
16,"('x3',)",47.81633006790635
17,"('x3',)",47.83102676237416
18,"('x3',)",47.85081450380075
19,"('x3',)",47.90863932662202
20,"('x3',)",47.92874635104201
1,"('x1', 'x3')",48.43907874259435
1,"('x3',)",48.44520573979169
2,"('x3',)",48.45096752665345
19,"('x2', 'x3')",49.06528776206797
1,"('x1',)",50.23410636086627
20,"('x1', 'x3')",51.30202760733939
20,"('x2', 'x3')",51.61283808172724
15,"('x1', 'x2', 'x3')",99.5576814201292
14,"('x1', 'x2', 'x3')",201.85144601244738
17,"('x1', 'x2', 'x3')",554.0724697708499
18,"('x1', 'x2', 'x3')",1028.6621508709468
16,"('x1', 'x2', 'x3')",1103.2866567818435
19,"('x1', 'x2', 'x3')",1205.2792174208519
20,"('x1', 'x2', 'x3')",3550.0788079185454
